X,Y,Z,formation,group
455675.319537,6785674.103409,-1930.2009280000002,etive,etive c
455625.319537,6785974.103409,-1944.015869,etive,etive c
455225.319537,6786424.103409,-2041.8266600000002,etive,etive c
455025.319537,6787524.103409,-2027.8071289999998,etive,etive c
455625.319537,6788224.103409,-1990.616455,etive,etive c
455325.319537,6787724.103409,-2002.382813,etive,etive c
455525.319537,6785624.103409,-1959.5340579999997,etive,etive c
455075.319537,6786924.103409,-2067.8989260000003,etive,etive c
455175.319537,6786924.103409,-2046.1859129999998,etive,etive c
455225.319537,6785824.103409,-2029.3920899999998,etive,etive c
455325.319537,6785524.103409,-1990.127563,etive,etive c
455675.319537,6786824.103409,-1945.564575,etive,etive c
455125.319537,6787724.103409,-2021.4698489999998,etive,etive c
455525.319537,6786374.103409,-1974.332275,etive,etive c
455625.319537,6787324.103409,-1936.2854,etive,etive c
455675.319537,6785574.103409,-1920.551025,etive,etive c
455275.319537,6786524.103409,-2030.5576170000002,etive,etive c
455675.319537,6787024.103409,-1940.8963620000002,etive,etive c
455175.319537,6786074.103409,-2050.744141,etive,etive c
455575.319537,6787374.103409,-1945.215454,etive,etive c
456651.465472,6786375.422135,-1913.3691410000001,etive,etive e
456401.465472,6786825.422135,-1941.8692629999998,etive,etive e
456501.465472,6786325.422135,-1937.80481,etive,etive e
456851.465472,6787375.422135,-1885.528687,etive,etive e
456851.465472,6788075.422135,-1900.8964839999999,etive,etive e
456701.465472,6787275.422135,-1898.5999760000002,etive,etive e
456851.465472,6787925.422135,-1929.7323,etive,etive e
456001.465472,6787975.422135,-2045.6652829999998,etive,etive e
456851.465472,6786725.422135,-1867.323853,etive,etive e
456751.465472,6786825.422135,-1890.016479,etive,etive e
456501.465472,6787275.422135,-1946.698486,etive,etive e
456501.465472,6786475.422135,-1929.61145,etive,etive e
456301.465472,6786175.422135,-1953.659668,etive,etive e
456551.465472,6786425.422135,-1926.597656,etive,etive e
457101.465472,6787525.422135,-1834.174805,etive,etive e
456001.465472,6787425.422135,-2014.425903,etive,etive e
456551.465472,6786075.422135,-1935.036255,etive,etive e
456301.465472,6785525.422135,-1921.592896,etive,etive e
456501.465472,6785975.422135,-1934.4774170000003,etive,etive e
456851.465472,6787025.422135,-1850.12793,etive,etive e
458605.025043,6786527.664994,-1854.60498,etive,etive j
458505.025043,6787227.664994,-1853.86145,etive,etive j
458005.025043,6787327.664994,-1908.975586,etive,etive j
458655.025043,6788227.664994,-1918.816528,etive,etive j
457905.025043,6787427.664994,-1934.313843,etive,etive j
458305.025043,6786927.664994,-1854.4090579999997,etive,etive j
458655.025043,6788127.664994,-1930.410278,etive,etive j
457805.025043,6786827.664994,-1916.0834960000002,etive,etive j
457855.025043,6787477.664994,-1942.3038329999997,etive,etive j
458055.025043,6786727.664994,-1884.590576,etive,etive j
458555.025043,6786477.664994,-1867.491455,etive,etive j
458105.025043,6786627.664994,-1880.214233,etive,etive j
458255.025043,6786927.664994,-1852.819702,etive,etive j
457805.025043,6786427.664994,-1899.143921,etive,etive j
458555.025043,6788177.664994,-1925.846436,etive,etive j
458005.025043,6786977.664994,-1892.2159420000003,etive,etive j
458355.025043,6787577.664994,-1884.966675,etive,etive j
458555.025043,6786677.664994,-1858.546875,etive,etive j
458155.025043,6786877.664994,-1868.7595210000002,etive,etive j
458155.025043,6785927.664994,-1830.401611,etive,etive j
455769.83021800005,6786315.989151999,-1856.8103030000002,fault6,fault6
456069.83021800005,6785965.989151999,-1815.434082,fault6,fault6
455719.83021800005,6788215.989151999,-2012.481445,fault6,fault6
455719.83021800005,6786365.989151999,-1810.293945,fault6,fault6
456219.83021800005,6785915.989151999,-1896.7641600000002,fault6,fault6
455869.83021800005,6786515.989151999,-1868.3182370000002,fault6,fault6
455769.83021800005,6788015.989151999,-2019.777222,fault6,fault6
456969.83021800005,6786015.989151999,-2086.165039,fault6,fault6
456019.83021800005,6787565.989151999,-2079.818359,fault6,fault6
455469.83021800005,6787415.989151999,-1801.563477,fault6,fault6
456419.83021800005,6786815.989151999,-2129.146729,fault6,fault6
455769.83021800005,6787615.989151999,-1971.638184,fault6,fault6
455969.83021800005,6788115.989151999,-2113.558838,fault6,fault6
456269.83021800005,6786665.989151999,-2055.591064,fault6,fault6
455819.83021800005,6786965.989151999,-1976.119873,fault6,fault6
456469.83021800005,6785865.989151999,-2042.86853,fault6,fault6
455619.83021800005,6787615.989151999,-1890.942627,fault6,fault6
456069.83021800005,6787165.989151999,-2103.80127,fault6,fault6
456319.83021800005,6785615.989151999,-1998.4739989999998,fault6,fault6
456419.83021800005,6787165.989151999,-2194.961182,fault6,fault6
457068.956805,6788222.966691,-1777.12085,fault7,fault7
457668.956805,6787972.966691,-2100.510254,fault7,fault7
457618.956805,6785672.966691,-1815.90564,fault7,fault7
457318.956805,6788122.966691,-1930.319702,fault7,fault7
457768.956805,6786722.966691,-1967.744507,fault7,fault7
457518.956805,6786172.966691,-1892.1967769999999,fault7,fault7
457918.956805,6786872.966691,-2025.7641600000002,fault7,fault7
457368.956805,6786572.966691,-1769.149536,fault7,fault7
457318.956805,6787172.966691,-1830.7548829999998,fault7,fault7
457618.956805,6786122.966691,-1958.842529,fault7,fault7
457618.956805,6787972.966691,-2090.817871,fault7,fault7
457818.956805,6787722.966691,-2148.531982,fault7,fault7
457668.956805,6787272.966691,-2013.31311,fault7,fault7
457818.956805,6786772.966691,-1985.1264649999998,fault7,fault7
457218.956805,6786022.966691,-1702.493164,fault7,fault7
457568.956805,6787722.966691,-2011.808594,fault7,fault7
457618.956805,6787172.966691,-2012.898682,fault7,fault7
457568.956805,6786122.966691,-1938.8101809999998,fault7,fault7
458018.956805,6787872.966691,-2144.194336,fault7,fault7
457618.956805,6787572.966691,-2025.0225829999997,fault7,fault7
455257.52736199996,6786705.882706,-1949.461548,ness,ness c
455457.52736199996,6787155.882706,-1908.547241,ness,ness c
455507.52736199996,6786405.882706,-1886.6616210000002,ness,ness c
455157.52736199996,6787805.882706,-1966.8570559999998,ness,ness c
455257.52736199996,6786005.882706,-1925.502686,ness,ness c
455407.52736199996,6786605.882706,-1913.610229,ness,ness c
455057.52736199996,6787355.882706,-1922.33313,ness,ness c
455257.52736199996,6787755.882706,-1940.86145,ness,ness c
455357.52736199996,6787105.882706,-1928.6813960000002,ness,ness c
455157.52736199996,6785805.882706,-1959.6738280000002,ness,ness c
455207.52736199996,6787455.882706,-1923.211426,ness,ness c
455057.52736199996,6788005.882706,-1951.231445,ness,ness c
455157.52736199996,6786755.882706,-1970.440552,ness,ness c
455707.52736199996,6786205.882706,-1866.8735350000002,ness,ness c
455307.52736199996,6787405.882706,-1912.1302489999998,ness,ness c
455007.52736199996,6787955.882706,-1957.984497,ness,ness c
455457.52736199996,6786705.882706,-1897.883911,ness,ness c
455357.52736199996,6788155.882706,-1917.172241,ness,ness c
455107.52736199996,6785905.882706,-1963.285156,ness,ness c
455307.52736199996,6786405.882706,-1934.036255,ness,ness c
456300.314715,6785686.143693,-1880.797119,ness,ness e h
456450.314715,6786786.143693,-1862.044189,ness,ness e h
456050.314715,6788136.143693,-1982.620972,ness,ness e h
456800.314715,6788186.143693,-1852.379639,ness,ness e h
456050.314715,6786636.143693,-1904.6927489999998,ness,ness e h
456000.314715,6786986.143693,-1931.829346,ness,ness e h
456650.314715,6787536.143693,-1850.062134,ness,ness e h
456700.314715,6786386.143693,-1836.033325,ness,ness e h
456150.314715,6786686.143693,-1892.728882,ness,ness e h
456800.314715,6785686.143693,-1820.672729,ness,ness e h
456300.314715,6786586.143693,-1885.788818,ness,ness e h
455900.314715,6787436.143693,-1943.967407,ness,ness e h
456550.314715,6788186.143693,-1914.190674,ness,ness e h
456050.314715,6786836.143693,-1920.725464,ness,ness e h
456250.314715,6786836.143693,-1881.823975,ness,ness e h
456100.314715,6787986.143693,-1968.156128,ness,ness e h
456100.314715,6787736.143693,-1939.980225,ness,ness e h
456500.314715,6786786.143693,-1858.393799,ness,ness e h
456400.314715,6786986.143693,-1867.286377,ness,ness e h
456650.314715,6786886.143693,-1846.565674,ness,ness e h
458705.025043,6786977.664994,-1763.4155269999999,ness,ness j
458755.025043,6788177.664994,-1828.19812,ness,ness j
458105.025043,6787077.664994,-1827.011963,ness,ness j
458755.025043,6786677.664994,-1776.920898,ness,ness j
458005.025043,6787627.664994,-1858.484619,ness,ness j
458455.025043,6787727.664994,-1820.189209,ness,ness j
457705.025043,6787577.664994,-1906.4625239999998,ness,ness j
458205.025043,6786577.664994,-1807.401855,ness,ness j
458255.025043,6786677.664994,-1825.7133789999998,ness,ness j
458605.025043,6786977.664994,-1764.5571289999998,ness,ness j
457755.025043,6786027.664994,-1769.3656010000002,ness,ness j
458455.025043,6787927.664994,-1845.574463,ness,ness j
457905.025043,6786177.664994,-1801.422119,ness,ness j
458605.025043,6788127.664994,-1854.707031,ness,ness j
458205.025043,6787577.664994,-1838.6940920000002,ness,ness j
458205.025043,6786527.664994,-1803.413574,ness,ness j
457755.025043,6785977.664994,-1757.9594730000001,ness,ness j
458305.025043,6786127.664994,-1796.32605,ness,ness j
458105.025043,6787877.664994,-1875.7441410000001,ness,ness j
458005.025043,6787827.664994,-1899.8687739999998,ness,ness j
455057.52736199996,6787355.882706,-1862.702393,tarbert,tarbert c
455607.52736199996,6785655.882706,-1833.890137,tarbert,tarbert c
455157.52736199996,6787605.882706,-1879.1623539999998,tarbert,tarbert c
455657.52736199996,6785705.882706,-1819.096924,tarbert,tarbert c
455457.52736199996,6787405.882706,-1840.835815,tarbert,tarbert c
455007.52736199996,6787005.882706,-1907.495972,tarbert,tarbert c
455457.52736199996,6785855.882706,-1855.109009,tarbert,tarbert c
455007.52736199996,6785855.882706,-1902.383179,tarbert,tarbert c
455557.52736199996,6785855.882706,-1846.4279789999998,tarbert,tarbert c
455007.52736199996,6786255.882706,-1923.89917,tarbert,tarbert c
455257.52736199996,6786205.882706,-1887.3061519999999,tarbert,tarbert c
455607.52736199996,6786105.882706,-1840.629272,tarbert,tarbert c
455607.52736199996,6786055.882706,-1850.226929,tarbert,tarbert c
455357.52736199996,6785955.882706,-1861.595093,tarbert,tarbert c
455457.52736199996,6787505.882706,-1837.8845210000002,tarbert,tarbert c
455357.52736199996,6785755.882706,-1874.246216,tarbert,tarbert c
455107.52736199996,6787805.882706,-1883.408813,tarbert,tarbert c
455257.52736199996,6788205.882706,-1873.6112059999998,tarbert,tarbert c
455007.52736199996,6786905.882706,-1919.590698,tarbert,tarbert c
455457.52736199996,6787805.882706,-1909.9207760000002,tarbert,tarbert c
456626.896442,6785581.540787,-1786.296387,tarbert,tarbert d
456176.896442,6787981.540787,-1915.226563,tarbert,tarbert d
456376.896442,6787681.540787,-1871.8380129999998,tarbert,tarbert d
456876.896442,6786631.540787,-1772.278687,tarbert,tarbert d
456626.896442,6785881.540787,-1813.886841,tarbert,tarbert d
456526.896442,6786231.540787,-1806.611938,tarbert,tarbert d
456226.896442,6785631.540787,-1819.9198,tarbert,tarbert d
456176.896442,6786031.540787,-1870.8853760000002,tarbert,tarbert d
455876.896442,6787181.540787,-1918.593506,tarbert,tarbert d
455726.896442,6788131.540787,-1914.83728,tarbert,tarbert d
456876.896442,6786131.540787,-1753.5327149999998,tarbert,tarbert d
456576.896442,6787181.540787,-1820.4084469999998,tarbert,tarbert d
456626.896442,6786131.540787,-1795.3924559999998,tarbert,tarbert d
456676.896442,6785631.540787,-1782.736938,tarbert,tarbert d
456426.896442,6785931.540787,-1845.457886,tarbert,tarbert d
455776.896442,6788181.540787,-1916.542725,tarbert,tarbert d
456826.896442,6786181.540787,-1759.960571,tarbert,tarbert d
456326.896442,6786181.540787,-1834.0399170000003,tarbert,tarbert d
455726.896442,6787631.540787,-1890.0635989999998,tarbert,tarbert d
456226.896442,6787581.540787,-1874.081543,tarbert,tarbert d
458421.547992,6786484.343033,-1763.37915,tarbert,tarbert f
457721.547992,6787634.343033,-1816.9520260000002,tarbert,tarbert f
457971.547992,6787434.343033,-1789.2045899999998,tarbert,tarbert f
458071.547992,6785984.343033,-1746.133423,tarbert,tarbert f
458371.547992,6786884.343033,-1767.015869,tarbert,tarbert f
458521.547992,6788084.343033,-1805.564209,tarbert,tarbert f
457821.547992,6787984.343033,-1850.717529,tarbert,tarbert f
457671.547992,6785884.343033,-1753.054932,tarbert,tarbert f
458071.547992,6786684.343033,-1757.014404,tarbert,tarbert f
458421.547992,6785534.343033,-1739.554321,tarbert,tarbert f
458271.547992,6786484.343033,-1766.9315190000002,tarbert,tarbert f
457621.547992,6786934.343033,-1777.355591,tarbert,tarbert f
458271.547992,6787784.343033,-1786.2628170000003,tarbert,tarbert f
458471.547992,6787584.343033,-1784.593018,tarbert,tarbert f
457471.547992,6787234.343033,-1815.6936039999998,tarbert,tarbert f
457971.547992,6786184.343033,-1766.390503,tarbert,tarbert f
458371.547992,6786084.343033,-1762.09082,tarbert,tarbert f
457521.547992,6787734.343033,-1864.67981,tarbert,tarbert f
457921.547992,6786884.343033,-1765.780884,tarbert,tarbert f
458321.547992,6787034.343033,-1767.936279,tarbert,tarbert f
456113.355556,6786779.716996,-1795.6033940000002,unconformity,unconformity
455513.355556,6785829.716996,-1799.989868,unconformity,unconformity
458763.355556,6787679.716996,-1759.232666,unconformity,unconformity
455963.355556,6787629.716996,-1837.19519,unconformity,unconformity
457963.355556,6785629.716996,-1712.305298,unconformity,unconformity
457013.355556,6787829.716996,-1784.3295899999998,unconformity,unconformity
458363.355556,6785579.716996,-1719.788086,unconformity,unconformity
455163.355556,6786129.716996,-1842.29187,unconformity,unconformity
458213.355556,6788179.716996,-1800.2290039999998,unconformity,unconformity
457013.355556,6787479.716996,-1770.638184,unconformity,unconformity
457713.355556,6786379.716996,-1731.768677,unconformity,unconformity
457813.355556,6787929.716996,-1797.645142,unconformity,unconformity
456813.355556,6786479.716996,-1744.109009,unconformity,unconformity
458213.355556,6786129.716996,-1740.23877,unconformity,unconformity
458113.355556,6787779.716996,-1774.5876460000002,unconformity,unconformity
456963.355556,6786979.716996,-1739.05481,unconformity,unconformity
455463.355556,6787929.716996,-1851.161377,unconformity,unconformity
457163.355556,6787829.716996,-1818.483765,unconformity,unconformity
455913.355556,6787029.716996,-1831.321655,unconformity,unconformity
456263.355556,6787029.716996,-1823.9240719999998,unconformity,unconformity
